{
  "main": {
    "id": "97df78c3dd18852b",
    "type": "split",
    "children": [
      {
        "id": "15ade63bff6b0606",
        "type": "tabs",
        "children": [
          {
            "id": "e2c364944b883946",
            "type": "leaf",
            "state": {
              "type": "markdown",
              "state": {
                "file": "APT38/2-Resource Development/Manual_CS.md",
                "mode": "source",
                "source": false
              }
            }
          }
        ]
      }
    ],
    "direction": "vertical"
  },
  "left": {
    "id": "05b2198f85257624",
    "type": "split",
    "children": [
      {
        "id": "9303b959c7d77198",
        "type": "tabs",
        "children": [
          {
            "id": "0eddf256137f62a1",
            "type": "leaf",
            "state": {
              "type": "file-explorer",
              "state": {
                "sortOrder": "alphabetical"
              }
            }
          },
          {
            "id": "c5c8f8549ea6d76f",
            "type": "leaf",
            "state": {
              "type": "search",
              "state": {
                "query": "",
                "matchingCase": false,
                "explainSearch": false,
                "collapseAll": false,
                "extraContext": false,
                "sortOrder": "alphabetical"
              }
            }
          },
          {
            "id": "cc40be1766d14fbc",
            "type": "leaf",
            "state": {
              "type": "bookmarks",
              "state": {}
            }
          }
        ]
      }
    ],
    "direction": "horizontal",
    "width": 386.5
  },
  "right": {
    "id": "668847d2a3a3572b",
    "type": "split",
    "children": [
      {
        "id": "ab879b6535309af1",
        "type": "tabs",
        "children": [
          {
            "id": "cb476e4066a922c2",
            "type": "leaf",
            "state": {
              "type": "backlink",
              "state": {
                "file": "APT38/2-Resource Development/Manual_CS.md",
                "collapseAll": false,
                "extraContext": false,
                "sortOrder": "alphabetical",
                "showSearch": false,
                "searchQuery": "",
                "backlinkCollapsed": false,
                "unlinkedCollapsed": true
              }
            }
          },
          {
            "id": "a060d2f6f4b39691",
            "type": "leaf",
            "state": {
              "type": "outgoing-link",
              "state": {
                "file": "APT38/2-Resource Development/Manual_CS.md",
                "linksCollapsed": false,
                "unlinkedCollapsed": true
              }
            }
          },
          {
            "id": "cab6924a0f7076b2",
            "type": "leaf",
            "state": {
              "type": "tag",
              "state": {
                "sortOrder": "frequency",
                "useHierarchy": true
              }
            }
          },
          {
            "id": "ff34b1115bb9eae3",
            "type": "leaf",
            "state": {
              "type": "outline",
              "state": {
                "file": "APT38/2-Resource Development/Manual_CS.md"
              }
            }
          }
        ]
      }
    ],
    "direction": "horizontal",
    "width": 301.5,
    "collapsed": true
  },
  "left-ribbon": {
    "hiddenItems": {
      "digitalgarden:Digital Garden Publication Center": false,
      "switcher:Open quick switcher": false,
      "graph:Open graph view": false,
      "canvas:Create new canvas": false,
      "daily-notes:Open today's daily note": false,
      "templates:Insert template": false,
      "command-palette:Open command palette": false
    }
  },
  "active": "e2c364944b883946",
  "lastOpenFiles": [
    "APT38/10-Lateral Movement/LM.md",
    "APT38/11-Collection/Collection.md",
    "APT38/14-Impact/impact.md",
    "APT38/13-Exfiltration/Exfilteration.md",
    "APT38/12-C2/C2.md",
    "APT38/9-Discovery/Discovery.md",
    "APT38/8-Credential Access/CA.md",
    "APT38/7-Defense Evasion/Evasion.md",
    "APT38/6-Privilege Escalation/PE.md",
    "APT38/5-Persistence/backdoor.md",
    "APT38/4-Execution/Execution.md",
    "APT38/3-Initial Access/IA.md",
    "APT38/2-Resource Development/RedTeam Infra.md",
    "APT38/2-Resource Development/Manual_CS.md",
    "graph - CTI bootcamp/01/01.2 answers to tasks.md",
    "graph - CTI bootcamp/01/01.1 index.md",
    "graph - CTI bootcamp/00/03.1 calling convention.md",
    "graph - CTI bootcamp/00/03 learn assembly.md",
    "graph - CTI bootcamp/00/00 index.md",
    "graph - CTI bootcamp/03/03.2 sys-internals for malware behavior analysis.md",
    "graph - CTI bootcamp/03/03.1 index.md",
    "graph - CTI bootcamp/start here.md",
    "graph - CTI bootcamp/02/02.3 answers to tasks.md",
    "graph - CTI bootcamp/03/03.3 search order.md",
    "APT38/1-Reconnaissance/Recon.md",
    "graph - CTI bootcamp/02/02.2 working with x64dbg.md",
    "img/Pasted image 20240810110817.png",
    "graph - CTI bootcamp/03",
    "img/Pasted image 20240809222358.png",
    "img/Pasted image 20240809222019.png",
    "img/Pasted image 20240809221840.png",
    "img/Pasted image 20240809221255.png",
    "APT38/9-Discovery",
    "APT38/8-Credential Access",
    "APT38/7-Defense Evasion",
    "APT38/6-Privilege Escalation",
    "APT38/5-Persistence",
    "APT38/4-Execution",
    "APT38/3-Initial Access",
    "APT38/2-Resource Development",
    "APT38/14-Impact",
    "img/Pasted image 20240809141930.png",
    "img/Pasted image 20240809141634.png",
    "img/Pasted image 20240807180741.png",
    "img/Pasted image 20240807175505.png",
    "img/Pasted image 20240807174726.png"
  ]
}