{
  "main": {
    "id": "c6924b0d80e77447",
    "type": "split",
    "children": [
      {
        "id": "a711bd33ec0d77b9",
        "type": "tabs",
        "children": [
          {
            "id": "d3f144afa51a4ac1",
            "type": "leaf",
            "state": {
              "type": "markdown",
              "state": {
                "file": "7-Defense Evasion/Evasion.md",
                "mode": "preview",
                "source": false
              }
            }
          }
        ]
      }
    ],
    "direction": "vertical"
  },
  "left": {
    "id": "759dee218fa91ef2",
    "type": "split",
    "children": [
      {
        "id": "bb78fb9524bb1024",
        "type": "tabs",
        "children": [
          {
            "id": "e015cf3a2252ed0a",
            "type": "leaf",
            "state": {
              "type": "file-explorer",
              "state": {
                "sortOrder": "alphabetical"
              }
            }
          },
          {
            "id": "526fbc02e2051727",
            "type": "leaf",
            "state": {
              "type": "search",
              "state": {
                "query": "",
                "matchingCase": false,
                "explainSearch": false,
                "collapseAll": false,
                "extraContext": false,
                "sortOrder": "alphabetical"
              }
            }
          },
          {
            "id": "c56c82e22ac1d0a9",
            "type": "leaf",
            "state": {
              "type": "bookmarks",
              "state": {}
            }
          }
        ]
      }
    ],
    "direction": "horizontal",
    "width": 300
  },
  "right": {
    "id": "d27e93068d953f37",
    "type": "split",
    "children": [
      {
        "id": "f1abd2d7d2deeb47",
        "type": "tabs",
        "children": [
          {
            "id": "be03360f4d77b1ec",
            "type": "leaf",
            "state": {
              "type": "backlink",
              "state": {
                "file": "7-Defense Evasion/Evasion.md",
                "collapseAll": false,
                "extraContext": false,
                "sortOrder": "alphabetical",
                "showSearch": false,
                "searchQuery": "",
                "backlinkCollapsed": false,
                "unlinkedCollapsed": true
              }
            }
          },
          {
            "id": "e722001d3db0b128",
            "type": "leaf",
            "state": {
              "type": "outgoing-link",
              "state": {
                "file": "7-Defense Evasion/Evasion.md",
                "linksCollapsed": false,
                "unlinkedCollapsed": true
              }
            }
          },
          {
            "id": "d11ef30352c6ceef",
            "type": "leaf",
            "state": {
              "type": "tag",
              "state": {
                "sortOrder": "frequency",
                "useHierarchy": true
              }
            }
          },
          {
            "id": "7a3e3b4b85eacf87",
            "type": "leaf",
            "state": {
              "type": "outline",
              "state": {
                "file": "7-Defense Evasion/Evasion.md"
              }
            }
          }
        ]
      }
    ],
    "direction": "horizontal",
    "width": 300,
    "collapsed": true
  },
  "left-ribbon": {
    "hiddenItems": {
      "switcher:Open quick switcher": false,
      "graph:Open graph view": false,
      "canvas:Create new canvas": false,
      "daily-notes:Open today's daily note": false,
      "templates:Insert template": false,
      "command-palette:Open command palette": false
    }
  },
  "active": "d3f144afa51a4ac1",
  "lastOpenFiles": [
    "3-Initial Access/IA.md"
  ]
}